Werk-privé balans,Opleiding & Ontwikkeling,Leiderschap,Waardering werk,Psychologische veiligheid,Teamwork,Management,Corona,Veranderingen,Communicatie,Projectmanagement,Beschermingsmiddelen,Zorgcontact,Faciliteiten,Rooster,Arbeidsvoorwaarden,
week,functie,visie,motivatie,steun,aanspreken,beslissingen,corona,veranderingen,nieuws,systemen,mondkapjes,casus,auto,dag,salaris,
dag,opleidingen,strategie,ingehuurd,belangen,fouten,gehoord,route,onduidelijk,app,uitvoering,middelen,psychiatrie,kantine,week,schaal,
thuis,kwaliteiten,koers,werkgever,grensoverscheidend,kennen,bestuurder,clienten,wijzigingen,berichten,integraal,handschoenen,telefonisch,laptop,uren,beloning,
telewerk,hbo,leiderschap,schouderklopje,grens,gezamenlijk,onnodig,besmet,overname,kanalen,meerwaarde,beschermende,contacten,telefoon,flexibel,cao,
verlof,aanbod,heldere,vergroot,respectvol,expertise,hogerhand,ziek,benodigde,innovaties,voortgang,bescherming,declareren,internet,schema,voorwaarden,
balans,doorgroei,concreet,afscheid,oor,bijdrage,luister,bang,verwachtingen,apps,realiseren,handgel,patiënt,schoonmaakmiddelen,planning,pensioen,
privé,anciënniteit,ondernemen,jubileum,zware,managen,bovenaf,routes,doorgevoerde,nieuwsbrieven,projectteam,voorraad,dementie,bureau,agenda,geld,
thuiswerk,doorgroeimogelijkheden,doelstellingen,gewaardeerd,verhaal,vak,leeft,getest,innovatie,social,controle,test,telefonische,werkplekken,onregelmatig,loon,
flexibiliteit,doorgroeien,competenties,waardering,geluisterd,kritische,mist,covid,communicatie,digitale,effectief,beschermd,patient,parkeren,tijden,verhoging,
werkuren,wensen,kernwaarden,compliment,luisterend,kwalitatief,regie,beschermingsmiddelen,fusie,applicaties,beheer,mondkapjes,verslaglegging,kantoor,,onderhandeling,
vrije,wens,directies,gezien,pesten,collegialiteit,opgelegd,kwetsbare ,samenvoegen,linkedin,projecten,beschermen,psychiatrische,middelen,,,
reiskosten,mbo,transparant,gehoord,intimidatie,respecteren,voorstellen,ouderen,implementatie,buitenland,project,instructie,casuistiek,bescherming,,,
woning,universiteit,ondernemerschap,,intimideren,knelpunten,deskundige,,,media,lean,handalcohol,telefoontjes,fietsplan,,,
overuren,training,,,discriminatie,sessies,wandelgangen,,,communicatie,management,beschikking,overlijden,gezond,,,
gezin,cursus,,,uitschelden,benaderbaar,oprecht,,,communiceren,projectmatig,,,,,,
kinderen,coaching,,,respectloos,nadruk,manager,,,online,projectleider,,,,,,
opvang,,,,respect,projecten,leidinggevende,,,intranet,projectmanager,,,,,,
flexibel,,,,ongepast,samenwerken,leiding,,,platform,,,,,,,
,,,,toezicht,teamwork,instructies,,,post,,,,,,,
,,,,vertrouwenspersoon,team,,,,facebook,,,,,,,
,,,,grensoverschrijdend,teamleider,,,,instagram,,,,,,,
,,,,,collega's,,,,twitter,,,,,,,
,,,,,taken,,,,,,,,,,,
,,,,,teams,,,,,,,,,,,
,,,,,groepen,,,,,,,,,,,
,,,,,zelfsturend,,,,,,,,,,,
,,,,,zelfsturende,,,,,,,,,,,
,,,,,administratieve,,,,,,,,,,,
,,,,,begeleiders,,,,,,,,,,,
,,,,,coach,,,,,,,,,,,
,,,,,begeleiden,,,,,,,,,,,
,,,,,zelforganiserende,,,,,,,,,,,
,,,,,coaches,,,,,,,,,,,
,,,,,,,,,,,,,,,,
